City_ID,City,Country,Date,Lat,Lng,Max Temp,Humidity,Cloudiness,Wind Speed
0,Bara,NG,2021-11-08 02:19:07,10.3744,10.7288,77.9,45,64,1.9
1,Bertoua,CM,2021-11-08 02:19:08,4.5833,13.6833,67.37,98,100,0.83
2,Dolores,AR,2021-11-08 02:19:08,-36.3132,-57.6792,51.53,92,1,6.38
3,Mataura,NZ,2021-11-08 02:19:09,-46.1927,168.8643,74.19,37,100,2.35
4,Barrow,US,2021-11-08 02:19:09,71.2906,-156.7887,24.82,68,90,13.8
5,Carnarvon,AU,2021-11-08 02:19:10,-24.8667,113.6333,71.67,56,79,16.11
6,Kaeo,NZ,2021-11-08 02:19:10,-35.1,173.7833,67.08,72,39,4.94
7,Bluff,NZ,2021-11-08 02:19:11,-46.6,168.3333,61.16,61,83,6.22
8,Mandalgovi,MN,2021-11-08 02:19:11,45.7625,106.2708,19.63,62,0,6.98
9,Pisco,PE,2021-11-08 02:18:09,-13.7,-76.2167,65.01,82,0,5.75
10,Manicore,BR,2021-11-08 02:19:12,-5.8092,-61.3003,74.01,94,91,1.1
11,Warrington,GB,2021-11-08 02:18:25,53.3925,-2.5802,49.26,88,20,1.01
12,Iskateley,RU,2021-11-08 02:19:13,67.6803,53.1512,20.23,82,40,7.92
13,Sobolevo,RU,2021-11-08 02:19:14,54.4299,31.8996,40.33,95,100,14.5
14,Arraial Do Cabo,BR,2021-11-08 02:17:08,-22.9661,-42.0278,70.48,73,70,5.7
15,Vaini,TO,2021-11-08 02:19:14,-21.2,-175.2,78.96,94,75,5.75
16,New Norfolk,AU,2021-11-08 02:19:14,-42.7826,147.0587,68.67,33,11,4.0
17,Merauke,ID,2021-11-08 02:19:15,-8.4667,140.3333,86.05,66,70,6.85
18,Labuhan,ID,2021-11-08 02:19:15,-6.8844,112.2051,86.27,63,100,2.37
19,Luderitz,NA,2021-11-08 02:19:15,-26.6481,15.1594,56.25,83,0,8.59
20,Salalah,OM,2021-11-08 02:19:16,17.0151,54.0924,75.29,73,0,4.61
21,Katsuura,JP,2021-11-08 02:19:16,35.1333,140.3,70.2,59,96,16.69
22,Avsyunino,RU,2021-11-08 02:19:17,55.5652,39.1232,42.39,85,100,12.01
23,Rikitea,PF,2021-11-08 02:19:17,-23.1203,-134.9692,74.97,78,100,13.85
24,Sao Geraldo Do Araguaia,BR,2021-11-08 02:19:18,-6.4006,-48.555,74.26,85,100,3.38
25,Bayir,TR,2021-11-08 02:19:19,37.2687,28.2167,45.12,34,100,1.43
26,Kodiak,US,2021-11-08 02:17:17,57.79,-152.4072,31.57,92,98,13.35
27,Ushuaia,AR,2021-11-08 02:16:54,-54.8,-68.3,42.46,75,40,8.05
28,Avarua,CK,2021-11-08 02:15:47,-21.2078,-159.775,77.05,61,23,14.97
29,Atuona,PF,2021-11-08 02:19:20,-9.8,-139.0333,78.4,75,10,16.87
30,Sheridan,US,2021-11-08 02:19:20,44.8333,-106.9173,42.98,60,90,0.0
31,Pevek,RU,2021-11-08 02:19:21,69.7008,170.3133,5.88,92,100,6.38
32,Palora,EC,2021-11-08 02:19:21,-1.7,-77.9333,65.25,96,53,3.22
33,Port Alfred,ZA,2021-11-08 02:19:22,-33.5906,26.891,64.38,86,100,8.61
34,Qaanaaq,GL,2021-11-08 02:18:42,77.484,-69.3632,3.24,70,40,7.45
35,Albany,US,2021-11-08 02:19:23,42.6001,-73.9662,41.81,73,12,3.89
36,Guerrero Negro,MX,2021-11-08 02:19:23,27.9769,-114.0611,65.37,83,100,9.35
37,Busselton,AU,2021-11-08 02:19:23,-33.65,115.3333,67.05,51,4,11.97
38,Moyale,KE,2021-11-08 02:19:25,3.5167,39.0584,70.23,66,100,8.14
39,Ucluelet,CA,2021-11-08 02:17:19,48.9329,-125.5528,42.1,87,87,1.99
40,Shenjiamen,CN,2021-11-08 02:19:26,29.9576,122.298,47.7,66,12,33.44
41,Hilo,US,2021-11-08 02:19:27,19.7297,-155.09,75.25,88,90,5.75
42,South Venice,US,2021-11-08 02:19:27,27.0531,-82.4243,65.98,87,1,8.05
43,Lompoc,US,2021-11-08 02:18:17,34.6391,-120.4579,65.12,69,1,8.05
44,Kapaa,US,2021-11-08 02:16:51,22.0752,-159.319,84.18,71,40,4.0
45,Santa Cruz,BO,2021-11-08 02:17:43,-17.8,-63.1667,69.26,78,20,3.44
46,Longyearbyen,SJ,2021-11-08 02:19:28,78.2186,15.6401,12.04,79,75,6.91
47,Victoria,HK,2021-11-08 02:18:51,22.2855,114.1577,70.25,64,68,4.0
48,Pangnirtung,CA,2021-11-08 02:20:29,66.1451,-65.7125,15.8,62,1,12.66
49,Wanaka,NZ,2021-11-08 02:20:30,-44.7,169.15,76.1,33,52,3.0
50,Deputatskiy,RU,2021-11-08 02:20:30,69.3,139.9,-17.07,82,1,3.04
51,Tuatapere,NZ,2021-11-08 02:19:40,-46.1333,167.6833,68.61,47,99,3.44
52,Paracuru,BR,2021-11-08 02:20:31,-3.41,-39.0306,81.1,82,19,8.28
53,Bredasdorp,ZA,2021-11-08 02:18:33,-34.5322,20.0403,52.92,82,98,4.61
54,Kendari,ID,2021-11-08 02:20:32,-3.945,122.4989,84.61,75,70,3.38
55,Novikovo,RU,2021-11-08 02:20:33,51.1537,37.8879,43.79,81,100,10.42
56,Sao Filipe,CV,2021-11-08 02:20:33,14.8961,-24.4956,78.15,73,100,8.16
57,Clyde River,CA,2021-11-08 02:16:54,70.4692,-68.5914,11.08,89,42,11.59
58,Saskylakh,RU,2021-11-08 02:19:29,71.9167,114.0833,11.39,95,100,9.13
59,Saint George,US,2021-11-08 02:19:04,37.1041,-113.5841,69.26,28,1,5.75
60,Cape Town,ZA,2021-11-08 02:19:30,-33.9258,18.4232,59.11,73,0,1.99
61,Kibuye,RW,2021-11-08 02:20:34,-2.0597,29.3482,64.31,69,82,0.74
62,Butaritari,KI,2021-11-08 02:18:34,3.0707,172.7902,82.24,68,5,11.74
63,Umm Kaddadah,SD,2021-11-08 02:20:35,13.6017,26.6876,78.01,20,5,14.2
64,Melun,FR,2021-11-08 02:20:35,48.5,2.75,43.56,93,75,0.0
65,Khatanga,RU,2021-11-08 02:20:35,71.9667,102.5,11.3,94,99,12.88
66,Montepuez,MZ,2021-11-08 02:20:36,-13.1256,38.9997,69.76,89,68,5.93
67,Namatanai,PG,2021-11-08 02:20:36,-3.6667,152.4333,86.5,61,76,12.55
68,Cherskiy,RU,2021-11-08 02:20:30,68.75,161.3,-0.17,100,91,4.74
69,Sur,OM,2021-11-08 02:10:48,22.5667,59.5289,73.98,61,0,1.32
70,Mar Del Plata,AR,2021-11-08 02:18:33,-38.0023,-57.5575,61.09,85,0,1.99
71,Tiksi,RU,2021-11-08 02:20:37,71.6872,128.8694,13.26,78,100,22.66
72,Loa Janan,ID,2021-11-08 02:20:38,-0.583,117.095,77.13,95,100,2.21
73,Thinadhoo,MV,2021-11-08 02:20:38,0.5333,72.9333,83.07,66,94,15.61
74,Punta Arenas,CL,2021-11-08 02:20:38,-53.15,-70.9167,42.91,70,40,9.22
75,Nikolskoye,RU,2021-11-08 02:20:39,59.7035,30.7861,37.87,98,100,8.79
76,San Patricio,US,2021-11-08 02:20:39,28.017,-97.5169,70.83,71,0,7.67
77,Lagoa,PT,2021-11-08 02:20:40,39.05,-27.9833,68.16,86,3,23.8
78,Rybnaya Sloboda,RU,2021-11-08 02:20:40,55.4613,50.1409,33.78,84,100,11.68
79,Dwarka,IN,2021-11-08 02:16:27,22.2394,68.9678,78.75,58,96,11.86
80,Puerto Quijarro,BO,2021-11-08 02:20:41,-17.7833,-57.7667,70.99,78,95,3.11
81,Teguise,ES,2021-11-08 02:20:43,29.0605,-13.564,62.82,63,0,17.27
82,Colares,PT,2021-11-08 02:20:43,38.7992,-9.4469,54.9,61,30,5.01
83,Georgetown,MY,2021-11-08 02:20:43,5.4112,100.3354,84.88,82,20,0.0
84,Nanakuli,US,2021-11-08 02:20:44,21.3906,-158.1547,84.15,58,20,8.05
85,Mezica,SI,2021-11-08 02:20:44,46.5214,14.8544,46.15,90,100,2.86
86,Halifax,CA,2021-11-08 02:18:01,44.6453,-63.5724,48.2,91,29,9.22
87,Auki,SB,2021-11-08 02:20:45,-8.7676,160.7034,87.87,58,27,2.66
88,Faya,SA,2021-11-08 02:20:46,18.3851,42.4509,48.72,41,0,1.25
89,Hithadhoo,MV,2021-11-08 02:18:32,-0.6,73.0833,81.77,74,96,12.06
90,Chokurdakh,RU,2021-11-08 02:20:46,70.6333,147.9167,-14.39,94,90,6.62
91,Tilichiki,RU,2021-11-08 02:20:46,60.4667,166.1,22.17,96,100,7.63
92,Fare,PF,2021-11-08 02:20:47,-16.7,-151.0167,79.27,73,7,7.72
93,Bubaque,GW,2021-11-08 02:21:47,11.2833,-15.8333,82.92,76,26,9.86
94,Kununurra,AU,2021-11-08 02:18:32,-15.7667,128.7333,91.38,58,40,8.05
95,Yellowknife,CA,2021-11-08 02:18:48,62.456,-114.3525,28.42,99,90,5.75
96,Bengkulu,ID,2021-11-08 02:21:48,-3.8004,102.2655,82.08,68,100,5.28
97,Ribeira Grande,PT,2021-11-08 02:21:49,38.5167,-28.7,69.46,86,26,23.94
98,Rocha,UY,2021-11-08 02:21:49,-34.4833,-54.3333,49.71,90,0,2.71
99,Tabou,CI,2021-11-08 02:21:50,4.423,-7.3528,78.37,88,100,5.3
100,Jamestown,US,2021-11-08 02:21:16,42.097,-79.2353,48.72,83,1,3.44
101,Dikson,RU,2021-11-08 02:20:28,73.5069,80.5464,9.32,95,100,1.05
102,Langsa,ID,2021-11-08 02:20:28,4.4683,97.9683,81.68,83,78,2.21
103,Airai,TL,2021-11-08 02:21:51,-8.9266,125.4092,74.37,66,90,1.14
104,East London,ZA,2021-11-08 02:21:51,-33.0153,27.9116,64.36,93,100,7.94
105,Kamina,CD,2021-11-08 02:21:52,-8.7386,24.9906,63.48,95,14,5.32
106,Poum,NC,2021-11-08 02:21:53,-20.2333,164.0167,76.21,78,85,15.55
107,Padang,ID,2021-11-08 02:18:00,-0.9492,100.3543,82.45,81,100,5.01
108,Lana,IT,2021-11-08 02:21:55,46.6124,11.1559,48.0,81,84,5.7
109,San Carlos De Bariloche,AR,2021-11-08 02:21:56,-41.1456,-71.3082,57.43,52,40,12.66
110,Vetis,RO,2021-11-08 02:21:57,47.8,22.7667,47.14,93,75,0.0
111,Port Elizabeth,ZA,2021-11-08 02:20:33,-33.918,25.5701,61.09,88,20,6.91
112,Vao,NC,2021-11-08 02:21:58,-22.6667,167.4833,72.18,64,10,6.31
113,Shimoda,JP,2021-11-08 02:21:58,34.6667,138.95,64.76,68,64,18.45
114,Avera,US,2021-11-08 02:21:17,33.194,-82.5271,50.72,49,0,6.53
115,Duiwelskloof,ZA,2021-11-08 02:22:01,-23.6934,30.14,69.64,76,97,3.2
116,Dengfeng,CN,2021-11-08 02:22:01,34.4553,113.0281,38.7,39,0,13.91
117,Melbu,NO,2021-11-08 02:22:02,68.5044,14.8297,34.21,65,81,7.4
118,Itarema,BR,2021-11-08 02:22:03,-2.9248,-39.9167,79.11,80,66,7.61
119,Santa Maria,BR,2021-11-08 02:22:03,-29.6842,-53.8069,63.7,72,0,10.36
120,Upernavik,GL,2021-11-08 02:22:04,72.7868,-56.1549,9.88,79,7,6.78
121,Tasiilaq,GL,2021-11-08 02:22:04,65.6145,-37.6368,26.76,76,100,6.46
122,Necochea,AR,2021-11-08 02:17:47,-38.5473,-58.7368,54.03,89,66,11.61
123,Melnikovo,RU,2021-11-08 02:21:20,56.5558,84.085,30.16,76,100,14.05
124,Zhezkazgan,KZ,2021-11-08 02:21:46,47.8043,67.7144,27.93,37,0,5.75
125,Hasaki,JP,2021-11-08 02:18:30,35.7333,140.8333,70.29,51,39,17.02
126,Hobart,AU,2021-11-08 02:18:48,-42.8794,147.3294,69.03,45,75,1.01
127,Hastings,GB,2021-11-08 02:17:16,50.8552,0.5729,46.0,80,80,10.33
128,Hailar,CN,2021-11-08 02:22:06,49.2,119.7,22.39,41,0,5.75
129,Carbonia,IT,2021-11-08 02:22:07,39.1672,8.5222,52.75,87,97,2.17
130,Quatre Cocos,MU,2021-11-08 02:22:08,-20.2078,57.7625,76.08,81,86,10.98
131,Bethel,US,2021-11-08 02:21:14,41.3712,-73.414,46.81,68,1,3.44
132,Hershey,US,2021-11-08 02:22:09,40.2859,-76.6503,46.92,69,1,3.0
133,Waingapu,ID,2021-11-08 02:22:10,-9.6567,120.2641,87.06,62,90,6.78
134,Gat,IL,2021-11-08 02:22:10,31.61,34.7642,71.4,29,0,2.66
135,Hermanus,ZA,2021-11-08 02:22:11,-34.4187,19.2345,56.89,72,72,4.7
136,Constitucion,CL,2021-11-08 02:22:12,-35.3333,-72.4167,54.3,83,5,14.12
137,Farad,HU,2021-11-08 02:22:13,47.6063,17.2002,46.72,73,100,11.74
138,Ayr,GB,2021-11-08 02:23:14,55.4627,-4.6339,44.1,93,75,6.91
139,Castro,BR,2021-11-08 02:18:34,-24.7911,-50.0119,58.91,97,83,6.89
140,Storforshei,NO,2021-11-08 02:23:15,66.4043,14.5233,13.05,88,11,3.22
141,Panalingaan,PH,2021-11-08 02:23:15,8.7842,117.4231,87.24,66,96,1.25
142,Basco,PH,2021-11-08 02:23:16,20.4487,121.9702,81.54,79,4,8.72
143,Aylesbury,GB,2021-11-08 02:23:16,51.8167,-0.8146,42.58,86,90,1.99
144,Nanortalik,GL,2021-11-08 02:23:17,60.1432,-45.2371,30.65,61,100,2.51
145,Half Moon Bay,US,2021-11-08 02:23:17,37.4636,-122.4286,57.06,77,1,14.97
146,Kijang,KR,2021-11-08 02:23:18,35.2442,129.2139,67.73,79,96,26.22
147,Lavrentiya,RU,2021-11-08 02:23:18,65.5833,-171.0,10.0,81,6,6.89
148,Saldanha,ZA,2021-11-08 02:23:19,-33.0117,17.9442,59.05,74,88,20.65
149,Aguadilla,PR,2021-11-08 02:23:19,18.4275,-67.1541,79.36,91,9,5.88
150,Rawson,AR,2021-11-08 02:23:20,-43.3002,-65.1023,59.63,59,100,5.59
151,Babushkin,RU,2021-11-08 02:23:21,51.7122,105.8647,33.3,66,100,3.13
152,Hamilton,US,2021-11-08 02:19:32,39.1834,-84.5333,51.78,71,1,0.0
153,Port Hardy,CA,2021-11-08 02:21:21,50.6996,-127.4199,41.0,100,90,0.0
154,Dingle,PH,2021-11-08 02:23:22,10.9995,122.6711,85.37,77,45,12.21
155,Iqaluit,CA,2021-11-08 02:23:22,63.7506,-68.5145,8.33,84,1,18.01
156,Lorengau,PG,2021-11-08 02:23:23,-2.0226,147.2712,83.08,79,45,10.92
157,Dukat,RU,2021-11-08 02:23:23,62.55,155.55,15.75,95,100,1.99
158,Hovd,MN,2021-11-08 02:23:24,48.0056,91.6419,19.17,50,0,2.08
159,Goderich,CA,2021-11-08 02:18:40,43.7501,-81.7165,50.32,76,30,6.91
160,Great Bend,US,2021-11-08 02:19:39,38.3645,-98.7648,62.04,60,1,5.01
161,Manokwari,ID,2021-11-08 02:23:14,-0.8667,134.0833,85.05,67,49,11.41
162,Verkhnevilyuysk,RU,2021-11-08 02:22:51,63.4453,120.3167,23.9,94,100,9.44
163,Immokalee,US,2021-11-08 02:23:25,26.4187,-81.4173,67.91,92,1,4.61
164,Klaksvik,FO,2021-11-08 02:23:25,62.2266,-6.589,45.52,81,99,20.09
165,Lebu,CL,2021-11-08 02:23:26,-37.6167,-73.65,52.88,93,68,9.86
166,Hirara,JP,2021-11-08 02:22:45,24.8,125.2833,73.67,88,75,18.41
167,Filingue,NE,2021-11-08 02:23:27,14.3521,3.3168,81.81,14,14,4.03
168,Norman Wells,CA,2021-11-08 02:23:28,65.282,-126.8329,12.24,85,90,12.66
169,Oistins,BB,2021-11-08 02:23:28,13.0667,-59.5333,80.69,74,40,13.8
170,Matagami,CA,2021-11-08 02:23:28,49.7502,-77.6328,44.71,100,90,4.61
171,Evensk,RU,2021-11-08 02:22:09,61.95,159.2333,25.0,95,100,5.12
172,Narsaq,GL,2021-11-08 02:19:04,60.9167,-46.05,30.42,82,100,1.61
173,Geraldton,AU,2021-11-08 02:19:09,-28.7667,114.6,72.01,46,22,13.8
174,Provideniya,RU,2021-11-08 02:20:07,64.3833,-173.3,17.71,73,75,2.24
175,Sterling,US,2021-11-08 02:18:50,39.0062,-77.4286,49.15,77,20,3.0
176,Dzilam Gonzalez,MX,2021-11-08 02:23:30,21.2833,-88.9333,72.12,67,46,6.15
177,Souillac,MU,2021-11-08 02:23:30,-20.5167,57.5167,76.35,83,40,8.05
178,Sarkand,KZ,2021-11-08 02:23:31,45.41,79.9186,24.69,60,0,6.98
179,Asau,RO,2021-11-08 02:23:32,46.4333,26.4,50.76,85,100,6.13
180,Severo-Kurilsk,RU,2021-11-08 02:22:44,50.6789,156.125,37.09,63,99,21.34
181,Huntington Beach,US,2021-11-08 02:21:04,33.6603,-117.9992,66.52,86,20,5.75
182,Ciudad Bolivar,VE,2021-11-08 02:23:32,8.1222,-63.5497,77.18,85,100,9.78
183,Lima,PE,2021-11-08 02:22:00,-12.0432,-77.0282,63.9,79,90,8.05
184,Sept-Iles,CA,2021-11-08 02:24:19,50.2001,-66.3821,44.06,85,75,1.01
185,Cookeville,US,2021-11-08 02:24:33,36.1628,-85.5016,48.65,82,0,3.0
186,Karratha,AU,2021-11-08 02:21:36,-20.7377,116.8463,79.77,40,1,15.1
187,Port Lincoln,AU,2021-11-08 02:24:34,-34.7333,135.8667,60.12,57,97,6.35
188,Aklavik,CA,2021-11-08 02:24:34,68.2191,-135.0107,14.83,96,87,4.23
189,Imeni Poliny Osipenko,RU,2021-11-08 02:24:35,52.4201,136.4853,23.52,56,34,6.26
190,San Vicente,AR,2021-11-08 02:24:36,-26.6167,-54.1333,62.53,92,26,3.51
191,Tiarei,PF,2021-11-08 02:24:36,-17.5333,-149.3333,80.62,76,11,6.49
192,Mbini,GQ,2021-11-08 02:24:36,1.574,9.6134,76.77,90,100,6.67
193,Nogliki,RU,2021-11-08 02:24:37,51.8333,143.1667,29.91,46,0,14.88
194,Boa Vista,BR,2021-11-08 02:23:42,2.8197,-60.6733,76.98,83,90,2.3
195,Mayo,US,2021-11-08 02:24:38,38.8876,-76.5119,51.17,74,1,1.01
196,Aden,YE,2021-11-08 02:24:38,12.7794,45.0367,81.64,63,7,14.16
197,Katangli,RU,2021-11-08 02:24:39,51.7102,143.2326,30.04,45,1,14.79
198,Broome,US,2021-11-08 02:24:39,42.2506,-75.833,44.67,67,0,1.3
199,Roanoke Rapids,US,2021-11-08 02:24:40,36.4615,-77.6542,47.84,87,1,3.44
200,Santo Andre,BR,2021-11-08 02:24:41,-23.6639,-46.5383,66.13,78,0,8.05
201,Marsh Harbour,BS,2021-11-08 02:24:42,26.5412,-77.0636,75.15,73,36,16.73
202,Nouadhibou,MR,2021-11-08 02:22:19,20.931,-17.0347,64.38,77,0,18.41
203,Los Llanos De Aridane,ES,2021-11-08 02:21:16,28.6585,-17.9182,64.15,64,75,8.01
204,Manggar,ID,2021-11-08 02:24:43,-2.8833,108.2667,85.05,67,100,0.89
205,Puerto Ayora,EC,2021-11-08 02:24:43,-0.7393,-90.3518,69.66,81,47,8.59
206,Berezovka,BY,2021-11-08 02:24:44,53.7214,25.4993,43.79,80,80,12.68
207,Husavik,IS,2021-11-08 02:23:43,66.0449,-17.3389,31.91,96,100,9.31
208,Torbay,CA,2021-11-08 02:23:23,47.6666,-52.7314,46.27,86,75,8.05
209,Ancud,CL,2021-11-08 02:24:44,-41.8697,-73.8203,54.43,96,95,2.8
210,Havre-Saint-Pierre,CA,2021-11-08 02:24:45,50.2334,-63.5986,44.6,93,90,3.44
211,Tutoia,BR,2021-11-08 02:24:46,-2.7619,-42.2744,76.71,88,100,7.92
212,Kudahuvadhoo,MV,2021-11-08 02:24:46,2.6708,72.8944,82.83,71,97,17.74
213,Maham,IN,2021-11-08 02:24:47,28.9833,76.3,67.8,32,0,5.48
214,Vila Velha,BR,2021-11-08 02:24:47,-20.3297,-40.2925,71.94,89,90,3.0
215,Rexburg,US,2021-11-08 02:22:57,43.826,-111.7897,37.38,63,1,5.75
216,Oktyabrskoye,RU,2021-11-08 02:24:48,43.0645,44.7417,46.54,93,18,6.71
217,Saint-Philippe,RE,2021-11-08 02:23:05,-21.3585,55.7679,72.95,81,40,8.79
218,Sola,VU,2021-11-08 02:24:49,-13.8833,167.55,81.55,73,29,9.78
219,Emerald,AU,2021-11-08 02:24:49,-23.5333,148.1667,86.14,58,75,5.75
220,Laguna,US,2021-11-08 02:24:50,38.421,-121.4238,56.05,60,1,3.44
221,Lingao,CN,2021-11-08 02:24:50,19.9103,109.6859,65.82,79,100,14.54
222,Maniitsoq,GL,2021-11-08 02:24:51,65.4167,-52.9,21.85,56,0,4.85
223,Dabra,IN,2021-11-08 02:24:51,25.9,78.3333,68.79,46,98,2.98
224,San Cristobal,VE,2021-11-08 02:24:52,7.7669,-72.225,75.38,91,97,1.63
225,Cortez,US,2021-11-08 02:24:52,37.3489,-108.5859,56.41,40,1,6.91
226,Thompson,CA,2021-11-08 02:21:20,55.7435,-97.8558,35.76,87,75,2.3
227,Carauari,BR,2021-11-08 02:23:10,-4.8828,-66.8958,73.09,98,52,1.79
228,Loukhi,RU,2021-11-08 02:25:53,66.0764,33.0381,20.55,94,17,3.85
229,Arawa,PG,2021-11-08 02:25:53,-6.2132,155.5367,88.05,53,5,6.44
230,Braganca,BR,2021-11-08 02:25:54,-1.0536,-46.7656,73.56,98,67,1.3
231,Mount Gambier,AU,2021-11-08 02:25:55,-37.8333,140.7667,60.71,51,90,10.36
232,Saint-Georges,GD,2021-11-08 02:25:55,12.0564,-61.7485,80.28,78,20,11.5
233,Igrim,RU,2021-11-08 02:25:55,63.1906,64.4162,32.79,86,99,7.74
234,Taoudenni,ML,2021-11-08 02:21:07,22.6783,-3.9836,69.91,22,0,14.52
235,Cidreira,BR,2021-11-08 02:22:20,-30.1811,-50.2056,62.11,72,4,3.98
236,Damara,CF,2021-11-08 02:25:56,4.9608,18.7035,72.82,96,100,2.86
237,Ponta Do Sol,PT,2021-11-08 02:25:36,32.6667,-17.1,66.83,66,14,7.25
238,Dubbo,AU,2021-11-08 02:25:57,-32.25,148.6167,77.13,50,75,8.05
239,Atar,MR,2021-11-08 02:25:57,20.5169,-13.0499,72.88,28,56,6.08
240,Makakilo City,US,2021-11-08 02:25:57,21.3469,-158.0858,82.72,58,20,8.05
241,Jijiga,ET,2021-11-08 02:25:58,9.35,42.8,59.95,39,5,2.8
242,Yulara,AU,2021-11-08 02:23:34,-25.2406,130.9889,67.84,100,75,14.97
243,Coihueco,CL,2021-11-08 02:25:59,-36.6167,-71.8333,61.54,59,43,8.05
244,Humberto De Campos,BR,2021-11-08 02:26:00,-2.5983,-43.4611,75.47,91,80,4.68
245,Abu Samrah,SY,2021-11-08 02:26:00,35.3029,37.1841,60.31,33,100,3.89
246,Verkhoyansk,RU,2021-11-08 02:26:00,67.5447,133.385,-17.0,91,30,2.8
247,Port Augusta,AU,2021-11-08 02:23:19,-32.5,137.7667,75.7,41,100,11.14
248,Derzhavinsk,KZ,2021-11-08 02:26:02,51.1,66.3167,30.52,34,93,16.49
249,Bathsheba,BB,2021-11-08 02:26:02,13.2167,-59.5167,81.21,74,40,13.8
250,Batticaloa,LK,2021-11-08 02:26:03,7.7102,81.6924,76.95,86,95,6.8
251,Margate,GB,2021-11-08 02:26:04,51.3813,1.3862,45.7,84,84,1.99
252,Itoman,JP,2021-11-08 02:26:05,26.1247,127.6694,77.4,73,75,10.36
253,Yarmouth,US,2021-11-08 02:26:05,41.7057,-70.2286,53.71,78,1,10.0
254,Mundra,IN,2021-11-08 02:26:05,22.85,69.7333,77.49,42,100,10.47
255,Telimele,GN,2021-11-08 02:26:06,10.9167,-13.3333,70.0,97,33,2.28
256,Venado Tuerto,AR,2021-11-08 02:26:07,-33.7456,-61.9688,63.77,53,2,2.77
257,Vagur,FO,2021-11-08 02:23:01,61.4732,-6.8119,46.04,82,100,16.53
258,Hanna,CA,2021-11-08 02:26:07,51.6334,-111.9018,38.71,47,2,10.0
259,Cururupu,BR,2021-11-08 02:26:08,-1.8283,-44.8683,74.7,93,89,2.35
260,Yar-Sale,RU,2021-11-08 02:26:08,66.8333,70.8333,20.19,90,100,9.84
261,Cayenne,GF,2021-11-08 02:26:08,4.9333,-52.3333,81.09,84,75,3.0
262,Chuy,UY,2021-11-08 02:26:09,-33.6971,-53.4616,53.76,83,10,2.77
263,Bilibino,RU,2021-11-08 02:26:09,68.0546,166.4372,-2.9,98,61,2.93
264,Paraiso,CR,2021-11-08 02:26:10,9.8383,-83.8656,67.06,97,100,3.56
265,Sevierville,US,2021-11-08 02:26:10,35.8681,-83.5618,52.48,67,1,0.0
266,Porto Walter,BR,2021-11-08 02:26:11,-8.2686,-72.7439,74.46,85,91,3.0
267,Rorvik,NO,2021-11-08 02:26:12,64.8621,11.2373,37.4,59,61,6.87
268,Umm Lajj,SA,2021-11-08 02:26:12,25.0213,37.2685,77.61,50,0,7.11
269,Ankazoabo,MG,2021-11-08 02:26:12,-22.2833,44.5167,69.46,68,57,3.24
270,Richmond,US,2021-11-08 02:23:45,37.5538,-77.4603,47.05,74,40,1.99
271,Dauriya,RU,2021-11-08 02:26:13,49.9333,116.8667,21.15,53,0,4.41
272,Chifeng,CN,2021-11-08 02:21:14,42.2683,118.9636,23.47,59,100,24.58
273,Winslow,US,2021-11-08 02:27:13,35.0242,-110.6974,62.96,29,1,1.01
274,Hofn,IS,2021-11-08 02:27:15,64.2539,-15.2082,39.02,94,100,14.12
275,Ritchie,ZA,2021-11-08 02:27:17,-29.038,24.6028,63.61,17,100,4.5
276,Noshiro,JP,2021-11-08 02:27:19,40.2039,140.0242,63.54,55,68,9.31
277,Channahon,US,2021-11-08 02:27:20,41.4295,-88.2287,58.57,74,1,3.0
278,Ponta Delgada,PT,2021-11-08 02:26:53,37.7333,-25.6667,70.5,77,40,12.66
279,Alyangula,AU,2021-11-08 02:27:21,-13.8483,136.4192,89.47,66,75,8.05
280,Lodja,CD,2021-11-08 02:27:23,-3.4833,23.4333,68.68,99,100,2.15
281,Galautas,RO,2021-11-08 02:27:23,46.9167,25.4333,47.21,98,91,4.27
282,Xuddur,SO,2021-11-08 02:27:25,4.1213,43.8894,69.69,93,88,11.81
283,Biak,ID,2021-11-08 02:27:27,-0.9131,122.8766,84.29,70,85,1.72
284,Porto Nacional,BR,2021-11-08 02:27:28,-10.7081,-48.4172,77.0,88,100,2.26
285,Marawi,PH,2021-11-08 02:27:29,7.9986,124.2928,76.64,60,9,3.33
286,Tougan,BF,2021-11-08 02:27:30,13.0667,-3.0667,82.81,26,82,6.71
287,Jasidih,IN,2021-11-08 02:27:30,24.5167,86.65,67.98,55,13,3.36
288,Kargat,RU,2021-11-08 02:27:31,55.1956,80.2811,27.03,71,100,16.69
289,Urumqi,CN,2021-11-08 02:27:31,43.801,87.6005,16.75,68,0,2.24
290,Papara,BR,2021-11-08 02:27:32,-3.9839,-38.7273,79.68,88,45,1.9
291,Riyadh,SA,2021-11-08 02:27:32,24.6877,46.7219,62.74,28,54,7.9
292,Ravar,IR,2021-11-08 02:27:32,31.2656,56.8055,48.69,42,86,2.48
293,Belyy Yar,RU,2021-11-08 02:27:10,53.6039,91.3903,39.09,56,0,11.18
294,Comodoro Rivadavia,AR,2021-11-08 02:27:34,-45.8667,-67.5,58.86,63,0,16.11
295,Nabire,ID,2021-11-08 02:23:42,-3.3667,135.4833,85.75,69,94,5.48
296,Faanui,PF,2021-11-08 02:27:35,-16.4833,-151.75,79.59,73,23,9.13
297,Cabo San Lucas,MX,2021-11-08 02:24:02,22.8909,-109.9124,79.61,67,27,7.56
298,Kamenka,RU,2021-11-08 02:27:37,51.3223,42.7678,39.63,89,100,8.48
299,Ulladulla,AU,2021-11-08 02:27:37,-35.35,150.4667,78.76,86,77,7.45
300,Mahebourg,MU,2021-11-08 02:27:38,-20.4081,57.7,76.24,83,40,8.05
301,Vardo,NO,2021-11-08 02:27:39,70.3705,31.1107,31.24,61,98,17.4
302,Kumylzhenskaya,RU,2021-11-08 02:27:40,49.8809,42.5898,42.28,81,99,5.73
303,Rosarito,MX,2021-11-08 02:27:41,32.3333,-117.0333,62.1,80,1,2.44
304,Biskamzha,RU,2021-11-08 02:27:42,53.4497,89.5272,25.63,93,100,4.61
305,Wanxian,CN,2021-11-08 02:27:42,30.8039,108.3897,50.95,65,44,1.66
306,Morant Bay,JM,2021-11-08 02:27:43,17.8815,-76.4093,82.02,85,69,2.59
307,Oranjemund,NA,2021-11-08 02:23:00,-28.55,16.4333,58.91,81,66,9.26
308,Fortuna,US,2021-11-08 02:27:43,40.5982,-124.1573,49.12,67,1,0.0
309,Paramonga,PE,2021-11-08 02:27:44,-10.6667,-77.8333,64.31,83,93,8.32
310,Kavieng,PG,2021-11-08 02:27:44,-2.5744,150.7967,84.79,70,9,16.8
311,Nicholasville,US,2021-11-08 02:27:45,37.8806,-84.573,44.64,75,1,0.0
312,Bagdarin,RU,2021-11-08 02:27:45,54.4333,113.6,15.15,69,99,1.72
313,Tura,IN,2021-11-08 02:27:46,25.5198,90.2201,68.68,74,70,1.48
314,Elko,US,2021-11-08 02:27:10,41.0002,-115.5012,41.02,56,55,8.01
315,Matay,EG,2021-11-08 02:27:46,28.419,30.7792,67.46,57,0,7.65
316,Middelburg,ZA,2021-11-08 02:27:47,-25.7751,29.4648,61.5,90,100,2.42
317,Port Macquarie,AU,2021-11-08 02:26:02,-31.4333,152.9167,76.96,63,89,9.46
318,Asyut,EG,2021-11-08 02:27:47,27.181,31.1837,64.58,42,0,5.06
319,Bahia Blanca,AR,2021-11-08 02:25:10,-38.7196,-62.2724,60.15,43,10,9.64
320,Arlit,NE,2021-11-08 02:27:48,18.7369,7.3853,77.32,13,49,8.14
321,Cedar City,US,2021-11-08 02:28:48,37.6775,-113.0619,55.4,30,1,4.61
322,Fershampenuaz,RU,2021-11-08 02:28:49,53.5202,59.8117,35.19,75,100,13.73
323,Mehamn,NO,2021-11-08 02:28:49,71.0357,27.8492,27.25,81,100,2.93
324,Manzanillo,CU,2021-11-08 02:28:50,20.3433,-77.1167,73.22,87,100,7.87
325,Bambous Virieux,MU,2021-11-08 02:28:50,-20.3428,57.7575,76.21,83,40,8.05
326,Olkusz,PL,2021-11-08 02:28:51,50.2813,19.565,42.87,80,98,10.13
327,Touros,BR,2021-11-08 02:28:51,-5.1989,-35.4608,81.5,77,82,13.15
328,Visby,SE,2021-11-08 02:28:52,57.6409,18.296,41.86,81,75,18.41
329,Tanout,NE,2021-11-08 02:28:52,14.9709,8.8879,78.53,18,20,9.64
330,Viradouro,BR,2021-11-08 02:28:52,-20.8731,-48.2969,78.89,58,7,6.29
331,Gonaives,HT,2021-11-08 02:28:53,19.45,-72.6833,78.35,76,59,3.51
332,Sabang,ID,2021-11-08 02:28:53,5.8933,95.3214,81.43,78,90,9.01
333,Kirakira,SB,2021-11-08 02:28:54,-10.4544,161.9205,86.41,65,3,8.25
334,Vrangel,RU,2021-11-08 02:28:54,42.7297,133.0839,47.77,86,100,25.48
335,Ilulissat,GL,2021-11-08 02:28:55,69.2167,-51.1,12.22,48,10,16.11
336,Rawah,IQ,2021-11-08 02:28:55,34.4816,41.9093,62.29,28,0,7.14
337,Kui Buri,TH,2021-11-08 02:28:55,12.0828,99.8543,86.0,75,93,4.03
338,Sao Joao Da Barra,BR,2021-11-08 02:28:56,-21.6403,-41.0511,71.1,76,100,7.34
339,Gornopravdinsk,RU,2021-11-08 02:28:56,60.05,69.9,32.61,98,100,7.81
340,Zavetnoye,RU,2021-11-08 02:28:56,47.1194,43.8903,42.84,66,100,6.2
341,Nome,US,2021-11-08 02:28:57,64.5011,-165.4064,21.27,79,90,9.22
342,Cawayan,PH,2021-11-08 02:28:57,9.9718,122.6249,85.21,73,81,8.5
343,Westport,US,2021-11-08 02:26:42,41.1415,-73.3579,51.75,70,1,4.61
344,Athabasca,CA,2021-11-08 02:25:57,54.7169,-113.2854,30.02,54,72,6.73
345,Arinos,BR,2021-11-08 02:29:00,-15.9169,-46.1056,76.73,70,96,2.62
346,Santana,BR,2021-11-08 02:29:00,-0.0583,-51.1817,80.78,89,0,5.75
347,Biltine,TD,2021-11-08 02:29:01,14.5333,20.9167,76.28,16,0,5.77
348,Leningradskiy,RU,2021-11-08 02:29:02,69.3833,178.4167,7.66,83,42,9.71
349,Nishihara,JP,2021-11-08 02:29:03,26.1842,127.7558,76.68,76,90,11.5
350,Keshorai Patan,IN,2021-11-08 02:29:03,25.3,75.9333,69.28,42,38,2.26
351,Ibra,OM,2021-11-08 02:29:04,22.6906,58.5334,68.22,52,0,2.86
352,Yamada,JP,2021-11-08 02:29:04,39.4667,141.95,57.09,86,100,8.19
353,Batabano,CU,2021-11-08 02:29:04,22.7164,-82.2881,65.01,67,0,7.67
354,Delfzijl,NL,2021-11-08 02:29:05,53.33,6.9181,48.02,91,64,4.0
355,Mianwali,PK,2021-11-08 02:29:04,32.5741,71.5264,67.87,24,0,3.94
356,Pasighat,IN,2021-11-08 02:29:05,28.0667,95.3333,70.83,42,3,1.23
357,Codrington,AU,2021-11-08 02:29:06,-38.2667,141.9667,58.62,55,100,4.68
358,Prince Rupert,CA,2021-11-08 02:28:43,54.3161,-130.3201,40.69,84,100,11.5
359,Araouane,ML,2021-11-08 02:29:06,18.9048,-3.5265,78.33,22,7,10.69
360,Bilma,NE,2021-11-08 02:29:07,18.6853,12.9164,73.83,17,50,5.44
361,Mozarlandia,BR,2021-11-08 02:29:07,-14.7447,-50.5706,76.87,82,98,4.83
362,Jiazi,CN,2021-11-08 02:25:24,22.8779,116.067,65.37,61,35,15.28
363,Lincoln,US,2021-11-08 02:29:07,40.8,-96.667,58.95,77,1,0.0
364,Lac Du Bonnet,CA,2021-11-08 02:29:08,50.2536,-96.0612,42.51,73,100,4.09
365,Placido De Castro,BR,2021-11-08 02:29:08,-10.3353,-67.1856,72.81,97,100,1.48
366,Uvalde,US,2021-11-08 02:29:08,29.3669,-99.767,63.59,51,1,6.91
367,Shakiso,ET,2021-11-08 02:29:09,5.75,38.9167,57.7,96,94,2.89
368,Flinders,AU,2021-11-08 02:29:09,-34.5833,150.8552,75.79,77,36,4.0
369,Pachino,IT,2021-11-08 02:30:10,36.7186,15.0907,66.85,84,91,10.96
370,Havelock,US,2021-11-08 02:30:10,34.8791,-76.9013,53.92,78,100,5.01
371,Greystones,IE,2021-11-08 02:30:11,53.1408,-6.0631,50.86,96,100,9.22
372,Sitka,US,2021-11-08 02:30:12,57.0531,-135.33,44.49,57,20,6.91
373,Tuktoyaktuk,CA,2021-11-08 02:30:13,69.4541,-133.0374,21.2,86,90,10.36
374,Caravelas,BR,2021-11-08 02:30:13,-17.7125,-39.2481,72.36,83,95,3.42
375,Seryshevo,RU,2021-11-08 02:30:14,51.0933,128.3786,23.67,61,64,7.9
376,Payakumbuh,ID,2021-11-08 02:30:14,-0.2202,100.6308,82.17,64,90,3.04
377,Saint-Augustin,CA,2021-11-08 02:30:15,51.226,-58.6502,38.84,87,100,5.03
378,Umba,RU,2021-11-08 02:30:15,66.6871,34.3429,23.02,90,75,7.05
379,Stornoway,GB,2021-11-08 02:30:16,58.2093,-6.3865,45.93,87,100,6.91
380,Smithers,CA,2021-11-08 02:30:16,54.7804,-127.1743,28.72,93,75,4.61
381,Tomatlan,MX,2021-11-08 02:28:01,19.9333,-105.25,73.92,90,18,2.64
382,Portland,US,2021-11-08 02:30:00,45.5234,-122.6762,47.61,92,90,5.99
383,Belmonte,BR,2021-11-08 02:30:17,-15.8631,-38.8828,77.5,89,100,1.9
384,Hyeres,FR,2021-11-08 02:30:18,43.1167,6.1167,56.95,77,0,6.91
385,Tangwani,PK,2021-11-08 02:30:18,28.2787,68.9972,78.19,22,0,2.39
386,Kwidzyn,PL,2021-11-08 02:30:19,53.7249,18.9311,48.42,86,100,10.83
387,Talnakh,RU,2021-11-08 02:29:03,69.4865,88.3972,17.8,96,100,7.16
388,Turukhansk,RU,2021-11-08 02:30:20,65.8167,87.9833,32.65,98,100,18.68
389,Forestville,US,2021-11-08 02:30:20,38.8451,-76.875,49.24,68,1,3.44
390,Makokou,GA,2021-11-08 02:30:21,0.5738,12.8642,67.51,99,98,2.71
391,Nicolas Bravo,MX,2021-11-08 02:30:22,18.45,-88.9167,67.42,88,42,2.53
392,Segamat,MY,2021-11-08 02:30:23,2.5148,102.8158,85.82,77,53,2.57
393,Coquimbo,CL,2021-11-08 02:30:24,-29.9533,-71.3436,55.13,87,0,4.61
394,San Quintin,MX,2021-11-08 02:30:24,30.4833,-115.95,61.86,85,19,4.59
395,Hillsborough,US,2021-11-08 02:30:25,37.5741,-122.3794,56.46,77,20,5.01
396,Cuenca,EC,2021-11-08 02:29:19,-2.8833,-78.9833,59.13,88,90,9.22
397,Gravelbourg,CA,2021-11-08 02:30:25,49.8834,-106.5512,34.07,33,0,15.5
398,Ranavav,IN,2021-11-08 02:30:26,21.6842,69.7408,75.0,46,20,8.05
399,Bell Ville,AR,2021-11-08 02:30:26,-32.6259,-62.6887,61.81,55,67,1.3
400,Nandu,CN,2021-11-08 02:30:27,22.8525,110.8233,55.45,55,97,8.59
401,Matara,LK,2021-11-08 02:30:27,5.9485,80.5353,76.84,87,100,12.03
402,Tromso,NO,2021-11-08 02:30:27,69.6496,18.957,32.02,86,75,1.01
403,Fairbanks,US,2021-11-08 02:27:43,64.8378,-147.7164,24.76,90,90,3.44
404,Rincon,US,2021-11-08 02:30:28,32.296,-81.2354,57.06,88,1,0.0
405,Najran,SA,2021-11-08 02:30:28,17.4924,44.1277,57.85,29,0,0.74
406,Banamba,ML,2021-11-08 02:30:29,13.55,-7.45,80.28,34,3,6.22
407,Paamiut,GL,2021-11-08 02:27:28,61.994,-49.6678,18.01,66,0,6.62
408,Esperance,AU,2021-11-08 02:30:30,-33.8667,121.9,67.84,56,100,12.57
409,Antofagasta,CL,2021-11-08 02:26:03,-23.65,-70.4,60.08,76,46,6.55
410,Abrau-Dyurso,RU,2021-11-08 02:30:30,44.69,37.59,49.46,87,100,8.59
411,Acarau,BR,2021-11-08 02:30:31,-2.8856,-40.12,78.62,82,82,7.14
412,Bac Lieu,VN,2021-11-08 02:30:31,9.285,105.7244,84.04,79,100,16.35
413,Egvekinot,RU,2021-11-08 02:30:31,66.3167,-179.1667,0.45,79,20,0.83
414,Srednekolymsk,RU,2021-11-08 02:31:32,67.45,153.6833,4.15,96,100,6.46
415,Coihaique,CL,2021-11-08 02:30:27,-45.5752,-72.0662,48.15,71,0,4.61
416,Watrous,CA,2021-11-08 02:31:33,51.6668,-105.4679,31.78,55,0,10.36
417,La Palma,US,2021-11-08 02:31:33,33.8464,-118.0467,67.35,84,1,4.0
418,Havre,FR,2021-11-08 02:31:33,49.5833,0.3333,49.77,71,20,9.22
419,Aksu,CN,2021-11-08 02:31:34,41.1231,80.2644,30.76,25,0,2.15
420,Barentu,ER,2021-11-08 02:31:34,15.1139,37.5928,72.93,45,11,2.04
421,Port Blair,IN,2021-11-08 02:29:44,11.6667,92.75,82.87,81,100,10.31
422,Galveston,US,2021-11-08 02:31:35,29.3669,-94.9669,64.36,81,1,5.75
423,Orcopampa,PE,2021-11-08 02:31:36,-15.2661,-72.3417,48.36,34,100,1.66
424,Takaka,NZ,2021-11-08 02:31:36,-40.85,172.8,71.98,57,19,3.71
425,Banda Aceh,ID,2021-11-08 02:29:53,5.5577,95.3222,81.77,77,76,3.47
426,Vallenar,CL,2021-11-08 02:31:36,-28.5708,-70.7581,65.1,49,3,2.46
427,Malampaka,TZ,2021-11-08 02:31:37,-3.1333,33.5333,67.17,60,62,5.23
428,Mariinskiy Posad,RU,2021-11-08 02:31:37,56.115,47.718,36.54,82,100,11.41
429,Cap-Aux-Meules,CA,2021-11-08 02:31:37,47.3821,-61.8597,46.45,81,1,8.05
430,Sakakah,SA,2021-11-08 02:31:38,29.9697,40.2064,60.37,37,0,4.56
431,Davidson,US,2021-11-08 02:31:38,36.1501,-86.7833,53.44,74,1,0.0
432,Jumla,NP,2021-11-08 02:31:39,29.2747,82.1838,55.17,23,0,1.66
433,Smidovich,RU,2021-11-08 02:31:39,48.6,133.8167,29.84,44,100,5.26
434,Creel,MX,2021-11-08 02:31:40,27.75,-107.6333,51.49,57,8,2.15
435,Mwinilunga,ZM,2021-11-08 02:31:40,-11.7358,24.4293,62.24,58,5,2.68
436,Mitchell,US,2021-11-08 02:27:18,43.7094,-98.0298,49.98,76,1,6.91
437,Burnie,AU,2021-11-08 02:31:40,-41.0667,145.9167,61.57,47,8,10.16
438,Nisia Floresta,BR,2021-11-08 02:31:41,-6.0911,-35.2086,81.41,86,58,6.85
439,Berlevag,NO,2021-11-08 02:31:41,70.8578,29.0864,29.8,68,100,7.63
440,Flin Flon,CA,2021-11-08 02:31:42,54.7682,-101.865,32.88,77,99,3.53
441,Ulaangom,MN,2021-11-08 02:31:42,49.9811,92.0667,17.22,65,3,0.58
442,Foumban,CM,2021-11-08 02:31:43,5.7291,10.9001,62.6,93,100,3.02
443,High Level,CA,2021-11-08 02:26:51,58.5169,-117.136,26.71,93,90,6.91
444,Careiro Da Varzea,BR,2021-11-08 02:31:44,-3.2003,-59.8119,84.81,90,61,0.22
445,Hakodate,JP,2021-11-08 02:31:44,41.7758,140.7367,62.91,67,75,17.27
446,Panlaitan,PH,2021-11-08 02:31:45,12.1191,119.8486,86.18,67,11,4.36
447,Gisborne,NZ,2021-11-08 02:31:46,-38.6533,178.0042,63.95,74,55,6.98
448,Saint-Gaudens,FR,2021-11-08 02:31:46,43.0833,0.6667,52.14,85,95,3.83
449,Camana,PE,2021-11-08 02:31:46,-16.6228,-72.7111,64.42,82,66,6.91
450,Wells,GB,2021-11-08 02:31:47,51.2079,-2.649,45.28,91,50,3.42
451,Bontang,ID,2021-11-08 02:31:47,0.1333,117.5,77.31,90,100,7.07
452,Pangody,RU,2021-11-08 02:31:47,65.85,74.4859,23.43,96,100,11.32
453,Radcliff,US,2021-11-08 02:31:33,37.8404,-85.9491,51.03,75,1,0.0
454,Ostersund,SE,2021-11-08 02:31:48,63.1792,14.6357,25.61,80,90,6.91
455,Skjervoy,NO,2021-11-08 02:31:49,70.0311,20.9714,34.84,87,100,16.64
456,Nata,PA,2021-11-08 02:31:49,8.3333,-80.5167,76.46,88,100,4.74
457,Veraval,IN,2021-11-08 02:31:49,20.9,70.3667,79.95,45,95,10.87
458,Bereda,ES,2021-11-08 02:31:50,43.2686,-7.5406,49.01,100,100,2.64
459,Axim,GH,2021-11-08 02:31:50,4.8699,-2.2405,78.39,88,98,6.8
460,Exeter,GB,2021-11-08 02:29:19,50.7236,-3.5275,48.6,92,47,1.95
461,Tekari,IN,2021-11-08 02:31:51,24.9333,84.8333,61.02,54,20,4.92
462,Dakar,SN,2021-11-08 02:32:52,14.6937,-17.4441,77.88,66,57,17.9
463,Bongaree,AU,2021-11-08 02:32:52,-27.0797,153.1586,85.03,73,88,8.48
464,Rio Grande,BR,2021-11-08 02:32:52,-32.035,-52.0986,55.94,76,0,4.63
465,Sechura,PE,2021-11-08 02:32:54,-5.5569,-80.8222,65.08,79,52,12.75
466,Teahupoo,PF,2021-11-08 02:32:55,-17.8333,-149.2667,74.53,78,30,7.7
467,Ostrovnoy,RU,2021-11-08 02:32:55,68.0531,39.5131,23.0,89,99,11.81
468,Kutum,SD,2021-11-08 02:32:57,14.2,24.6667,67.24,28,6,7.16
469,Iquitos,PE,2021-11-08 02:32:59,-3.7481,-73.2472,75.24,94,75,4.61
470,Yumen,CN,2021-11-08 02:33:01,40.2833,97.2,25.48,30,16,12.64
471,Vanimo,PG,2021-11-08 02:33:03,-2.6741,141.3028,86.56,66,51,9.66
472,Samarai,PG,2021-11-08 02:33:05,-10.6167,150.6667,85.15,71,4,14.38
473,Gamba,GA,2021-11-08 02:33:07,-2.65,10.0,75.18,92,100,4.03
474,Velsk,RU,2021-11-08 02:33:08,61.0701,42.0983,32.36,94,100,2.95
475,Khani,GE,2021-11-08 02:33:08,41.9563,42.9566,38.77,80,39,4.74
476,Camacha,PT,2021-11-08 02:33:09,33.0833,-16.3333,63.82,63,40,10.36
477,Cabedelo,BR,2021-11-08 02:31:00,-6.9811,-34.8339,79.47,80,64,9.93
478,Naze,JP,2021-11-08 02:28:42,28.3667,129.4833,74.32,63,100,4.9
479,Te Anau,NZ,2021-11-08 02:33:10,-45.4167,167.7167,67.66,50,82,4.79
480,Svetlyy,RU,2021-11-08 02:33:10,54.675,20.1347,46.45,85,81,18.32
481,Tolyatti,RU,2021-11-08 02:33:11,53.5303,49.3461,30.56,86,99,11.45
482,Kruisfontein,ZA,2021-11-08 02:33:12,-34.0033,24.7314,56.88,89,100,4.32
483,La Paz,BO,2021-11-08 02:30:03,-16.5,-68.15,48.18,57,100,2.3
484,Karatau,KZ,2021-11-08 02:33:12,43.1667,70.4667,33.08,40,89,3.76
485,Hamada,JP,2021-11-08 02:33:13,34.8833,132.0833,68.72,68,100,17.45
486,Mitsamiouli,KM,2021-11-08 02:33:13,-11.3847,43.2844,78.96,76,45,9.33
487,Ixtapa,MX,2021-11-08 02:33:14,20.7,-105.2,73.87,93,36,2.39
488,Sayansk,RU,2021-11-08 02:33:14,54.1088,102.1648,28.31,68,100,3.56
489,Kaniama,CD,2021-11-08 02:33:15,-7.5667,24.1833,63.55,92,64,2.68
490,Maiduguri,NG,2021-11-08 02:33:15,11.8464,13.1603,74.37,28,100,2.17
491,Huanuco,PE,2021-11-08 02:33:16,-9.9329,-76.2415,65.7,87,100,1.66
492,Porto De Moz,BR,2021-11-08 02:33:16,-1.7483,-52.2383,77.83,80,100,2.89
493,Nassau,US,2021-11-08 02:33:17,40.7507,-73.5829,53.26,70,1,0.0
494,Kahului,US,2021-11-08 02:33:03,20.8947,-156.47,82.42,72,20,26.46
495,Opuwo,NA,2021-11-08 02:33:18,-18.0607,13.84,65.52,38,84,0.6
496,Kloulklubed,PW,2021-11-08 02:33:19,7.0419,134.2556,79.3,76,99,17.27
497,Chapais,CA,2021-11-08 02:33:19,49.7834,-74.8492,40.78,98,100,5.86
498,Aktash,RU,2021-11-08 02:33:19,50.3,87.7333,9.81,67,2,4.63
499,Knysna,ZA,2021-11-08 02:33:20,-34.0363,23.0471,57.58,93,100,3.06
500,Raahe,FI,2021-11-08 02:33:20,64.6833,24.4833,19.49,65,2,10.09
501,Palamos,ES,2021-11-08 02:33:21,41.8484,3.1291,60.12,61,39,17.72
502,Korla,CN,2021-11-08 02:29:43,41.7597,86.1469,26.26,32,0,3.6
503,Sanchez,DO,2021-11-08 02:33:22,19.2281,-69.6137,73.49,87,84,3.56
504,Penzance,GB,2021-11-08 02:33:22,50.1186,-5.5371,54.77,91,100,5.82
505,Kaitangata,NZ,2021-11-08 02:33:23,-46.2817,169.8464,61.93,77,90,6.71
506,Mangan,IN,2021-11-08 02:33:23,27.5167,88.5333,71.17,53,7,4.21
507,Kumano,JP,2021-11-08 02:33:24,34.3442,132.5894,70.75,70,100,11.63
508,Lazaro Cardenas,MX,2021-11-08 02:33:25,17.9583,-102.2,78.08,85,37,2.59
509,Spornoye,RU,2021-11-08 02:34:25,50.8448,37.2913,42.82,76,100,11.79
510,Hami,CN,2021-11-08 02:34:26,42.8,93.45,29.62,36,3,6.91
511,Kholmogory,RU,2021-11-08 02:34:26,64.2229,41.656,19.51,90,7,1.97
512,Dimovo,BG,2021-11-08 02:34:27,43.7417,22.7269,63.61,91,77,0.6
513,Maceio,BR,2021-11-08 02:34:11,-9.6658,-35.7353,80.04,94,75,6.91
514,Trindade,BR,2021-11-08 02:34:28,-16.6494,-49.4889,73.15,75,60,3.65
515,Honiara,SB,2021-11-08 02:31:21,-9.4333,159.95,85.57,69,61,5.08
516,Kargasok,RU,2021-11-08 02:34:28,59.0556,80.8572,29.62,73,94,15.55
517,Xiaoshi,CN,2021-11-08 02:34:29,41.2971,124.1209,23.02,94,100,5.59
518,Roblin,CA,2021-11-08 02:34:29,51.23,-101.3565,37.78,49,0,11.16
519,Dinghai,CN,2021-11-08 02:34:30,26.2847,119.7936,59.92,73,100,6.33
520,San Juan,AR,2021-11-08 02:34:30,-31.5375,-68.5364,70.39,40,1,8.99
521,Zapolyarnyy,RU,2021-11-08 02:34:31,69.4154,30.8136,24.08,96,93,4.32
522,Harper,LR,2021-11-08 02:33:03,4.375,-7.7169,78.53,87,100,5.75
523,Majene,ID,2021-11-08 02:34:32,-3.5403,118.9707,85.77,65,100,1.3
524,Mutis,CO,2021-11-08 02:34:32,6.2262,-77.4044,77.14,88,100,10.07
525,Bellevue,US,2021-11-08 02:30:55,47.6104,-122.2007,44.62,90,90,3.0
526,Tartagal,AR,2021-11-08 02:34:33,-22.5164,-63.8013,62.53,77,99,0.51
527,Namibe,AO,2021-11-08 02:34:22,-15.1961,12.1522,66.78,80,96,4.23
528,Mao,ES,2021-11-08 02:34:33,39.8885,4.2658,55.96,88,75,14.97
529,Paka,MY,2021-11-08 02:34:34,4.6374,103.4368,84.87,71,84,2.44
530,Mogadishu,SO,2021-11-08 02:34:34,2.0371,45.3438,78.6,78,100,8.99
531,Cabra,ES,2021-11-08 02:34:34,37.4725,-4.4421,49.39,64,0,4.68
532,Simnas,LT,2021-11-08 02:34:35,54.4,23.65,44.37,76,93,18.21
533,Taft,IR,2021-11-08 02:34:35,31.7471,54.2088,40.95,93,90,4.61
534,Petatlan,MX,2021-11-08 02:34:36,17.5167,-101.2667,84.0,92,70,3.74
535,Bulgan,MN,2021-11-08 02:34:36,48.8125,103.5347,23.43,56,22,3.18
536,Krasnorechenskiy,RU,2021-11-08 02:34:37,44.6265,135.3532,43.65,62,85,5.46
537,Krasnogorsk,RU,2021-11-08 02:34:38,55.8225,37.3181,45.05,87,75,13.42
538,Killarney,IE,2021-11-08 02:30:55,52.05,-9.5167,53.69,99,100,4.99
539,Inhambane,MZ,2021-11-08 02:34:38,-23.865,35.3833,71.71,89,57,4.05
540,Eureka,US,2021-11-08 02:32:04,40.8021,-124.1637,49.39,76,13,4.97
541,Udachnyy,RU,2021-11-08 02:34:39,66.4167,112.4,17.92,88,84,10.33
542,Altamont,US,2021-11-08 02:34:39,42.2068,-121.7372,34.9,69,1,0.0
543,Moengo,SR,2021-11-08 02:34:40,5.6167,-54.4,73.78,98,92,1.9
544,North Bend,US,2021-11-08 02:32:43,43.4065,-124.2243,48.94,97,90,9.22
545,Barmer,IN,2021-11-08 02:34:42,25.75,71.3833,76.12,23,4,4.72
546,Okato,NZ,2021-11-08 02:34:42,-39.2,173.8833,71.42,61,1,9.66
547,Wawa,NG,2021-11-08 02:34:42,9.9022,4.4192,75.94,48,95,3.29
548,Walvis Bay,NA,2021-11-08 02:34:43,-22.9575,14.5053,54.09,82,3,3.44
549,Conselheiro Lafaiete,BR,2021-11-08 02:31:10,-20.6603,-43.7861,63.45,98,77,6.06
550,Jiwani,PK,2021-11-08 02:34:44,25.05,61.7417,75.4,51,0,5.55
551,Irtyshskiy,RU,2021-11-08 02:34:45,58.3333,68.1333,33.46,97,100,13.22
552,Kidal,ML,2021-11-08 02:34:45,18.4411,1.4078,77.88,19,2,2.17
553,Bocas Del Toro,PA,2021-11-08 02:35:47,9.3333,-82.25,81.07,79,100,6.58
554,Okhotsk,RU,2021-11-08 02:34:05,59.3833,143.3,9.73,71,42,23.17
555,Vostok,RU,2021-11-08 02:35:10,46.4856,135.8833,39.24,33,98,2.48
556,Muriwai Beach,NZ,2021-11-08 02:35:48,-36.8167,174.45,71.19,67,1,8.39
557,Ayan,RU,2021-11-08 02:35:49,56.45,138.1667,23.79,54,1,22.48
